Fe,Mn,Zn,Cu,b2_reflectance,b3_reflectance,b4_reflectance,b5_reflectance,b6_reflectance,b7_reflectance,ci_mean_kh,FlowAcc_kh,gndvi_mean_kh,ndvi_mean_kh,PlanCur_kh,ProflCur_kh,satind_mean_kh,sgsi_mean_kh,slope_kh,spi_kh,Twi_kh,aoi_dem_clip_khavr,Sen_B02_30m_aoi,Sen_B03_Mean_30m_aoi,Sen_B04_Mean_30m_aoi,Sen_B05_Mean_30m_aoi,Sen_B06_Mean_30m_aoi,Sen_B07_Mean_30m_aoi,Sen_B08_Mean_30m_aoi,Sen_B08A_Mean_30m_aoi,Sen_B11_Mean_30m_aoi,Sen_B12_Mean_30m_aoi,ClayInd_Mean_Sentinel_khavr,GNDVI_Mean_Sentinel_khavr,MSAVI2_Mean_Sentinel_khavr,NDVI_Mean_Sentinel_khavr,Saturation_Mean_Sentinel_khavr,SGSI_Mean_Sentinel_khavr,Clay_khavr,pH_khavr,Sand_khavr,srad_khavr,bio_15_khavr,bio_12_khavr,bio_1_khavr
2.10000,4.12000,0.44000,1.24000,0.12211,0.17557,0.23758,0.32591,0.33353,0.27721,0.05556,1.00000,0.16603,0.09144,0.00000,0.44444,0.15087,0.05432,6.66667,4.08611,4.10258,1263.00000,1597.00000,1862.00000,2359.00000,2628.00000,2819.00000,3089.00000,3615.00000,3300.00000,3420.00000,2854.00000,0.09021,0.28146,-0.08936,0.16744,0.19804,0.08808,25.78830,7.74923,43.23190,210902.00000,80.50000,293.00000,12.31250
3.50000,21.06000,0.68000,1.94000,0.05847,0.09615,0.10594,0.33917,0.20972,0.13913,0.09453,1.00000,0.29028,0.27542,0.00000,0.11111,0.08387,0.01125,1.31762,5.45640,2.73229,1255.00000,510.00000,931.00000,917.00000,1572.00000,3193.00000,3649.00000,3710.00000,3824.00000,2322.00000,1509.00000,0.21350,0.60675,-0.03035,0.61107,0.28411,-0.00673,30.56310,7.88371,33.72400,210863.00000,80.14080,291.00000,12.30000
2.08000,8.38000,0.46000,1.68000,0.13138,0.19771,0.26412,0.32148,0.34709,0.32093,0.02449,1.00000,0.13447,0.05815,0.00000,0.11111,0.16652,0.05556,1.66667,4.28086,3.90782,1247.00000,1537.00000,2171.00000,2911.00000,3234.00000,3276.00000,3376.00000,3625.00000,3473.00000,3782.00000,3511.00000,0.03789,0.23158,-0.10466,0.08873,0.30947,0.11205,24.73770,7.74674,38.85450,210340.00000,80.43010,293.00000,12.35830
1.66000,4.14000,0.34000,1.32000,0.12665,0.18902,0.25881,0.34046,0.34643,0.27938,0.06317,0.00000,0.16057,0.08005,0.00000,-0.11111,0.16673,0.05894,1.66667,4.00412,2.79828,1251.00000,1321.00000,1929.00000,2734.00000,3064.00000,3225.00000,3362.00000,3560.00000,3576.00000,3681.00000,2907.00000,0.11350,0.29480,-0.09644,0.12986,0.34678,0.13379,31.49040,7.92615,31.64720,210634.00000,80.43010,293.00000,12.29170
2.14000,10.26000,0.40000,1.52000,0.12623,0.19130,0.25290,0.35226,0.33697,0.27383,0.06241,2.00000,0.17020,0.09871,0.00000,0.22222,0.16227,0.05245,3.33333,5.40460,3.59502,1242.00000,1373.00000,1990.00000,2682.00000,3000.00000,3296.00000,3428.00000,3914.00000,3577.00000,3623.00000,2963.00000,0.09959,0.28523,-0.09375,0.14326,0.32297,0.11444,27.64950,7.79686,36.65450,210254.00000,80.43010,293.00000,12.29170
2.14000,5.90000,0.30000,1.32000,0.07753,0.11969,0.14356,0.33306,0.24723,0.18176,0.07908,0.00000,0.25001,0.21602,0.28889,-0.37778,0.10637,0.02531,6.26387,3.66825,3.13415,1267.00000,522.00000,882.00000,933.00000,1513.00000,3137.00000,3675.00000,3844.00000,3840.00000,2320.00000,1469.00000,0.22645,0.62397,-0.03101,0.60678,0.28407,0.01635,28.62250,7.93664,38.46460,210969.00000,80.50000,293.00000,12.25830
2.84000,18.22000,0.54000,1.50000,0.08141,0.12577,0.15398,0.33545,0.25249,0.18594,0.07950,0.00000,0.24326,0.20390,0.00000,0.00000,0.11403,0.02927,0.00000,3.98968,2.81272,1258.00000,1023.00000,1472.00000,1871.00000,2238.00000,3259.00000,3637.00000,3266.00000,3837.00000,2849.00000,2201.00000,0.12812,0.44362,-0.06169,0.34286,0.29342,0.09154,29.00310,7.80680,33.66680,210842.00000,80.50000,293.00000,12.29580
1.40000,6.42000,0.28000,1.02000,0.12739,0.19259,0.26789,0.35151,0.36139,0.31007,0.04738,1.00000,0.16654,0.08082,0.00000,0.00000,0.17586,0.06309,0.58926,5.69206,2.49663,1254.00000,1417.00000,2017.00000,2872.00000,3248.00000,3341.00000,3520.00000,3742.00000,3726.00000,3856.00000,3255.00000,0.08108,0.29277,-0.09701,0.12626,0.33673,0.13426,29.15370,7.94977,34.71150,210571.00000,80.43010,293.00000,12.27500
1.70000,9.90000,0.30000,0.84000,0.10905,0.16476,0.22474,0.32676,0.31697,0.25078,0.06704,0.00000,0.17899,0.10499,0.06667,0.17778,0.15742,0.05455,3.58430,3.48414,3.31826,1279.00000,1267.00000,1829.00000,2627.00000,3021.00000,3214.00000,3443.00000,3717.00000,3721.00000,3440.00000,2602.00000,0.15333,0.38310,-0.07284,0.26411,0.30614,0.10196,20.71390,7.65545,46.76580,210817.00000,80.16640,295.00000,12.19580
2.42000,4.68000,1.88000,0.98000,0.09766,0.14716,0.18563,0.35030,0.27515,0.21720,0.07013,2.00000,0.22356,0.17760,0.00000,0.00000,0.12042,0.03271,0.00000,2.75851,6.24111,1276.00000,1200.00000,1687.00000,2137.00000,2535.00000,3038.00000,3330.00000,3339.00000,3443.00000,2922.00000,2296.00000,0.14499,0.40334,-0.06771,0.35092,0.26786,0.01631,17.82010,7.62032,51.66540,210817.00000,80.16640,295.00000,12.19580
3.94000,6.18000,0.30000,0.74000,0.11735,0.17232,0.22438,0.28144,0.30171,0.26173,0.04154,0.00000,0.12768,0.06288,0.63063,-0.70270,0.14427,0.04673,11.21140,3.65880,3.14360,1283.00000,1355.00000,1870.00000,2461.00000,2720.00000,2816.00000,2896.00000,3010.00000,2978.00000,3216.00000,2809.00000,0.08294,0.21872,-0.10295,0.09723,0.27474,0.09415,14.47660,7.74915,54.39640,210679.00000,80.42910,294.00000,12.15000
2.66000,9.80000,0.58000,1.60000,0.09983,0.15189,0.19526,0.29382,0.28092,0.22039,0.06738,1.00000,0.16737,0.11055,-0.05556,-0.05556,0.13706,0.04135,4.85913,5.37854,2.81015,1263.00000,1254.00000,1748.00000,2188.00000,2438.00000,2681.00000,2848.00000,2908.00000,2947.00000,2996.00000,2489.00000,0.09248,0.25572,-0.09277,0.14852,0.27085,0.08457,23.35310,7.56587,41.15530,211047.00000,80.53130,291.00000,12.33330
2.64000,6.52000,0.86000,1.22000,0.12478,0.18855,0.24872,0.34904,0.35902,0.27974,0.07514,6.00000,0.16958,0.09960,0.00000,0.22222,0.15909,0.05139,2.63523,6.64652,4.04770,1265.00000,1523.00000,2181.00000,2920.00000,3303.00000,3579.00000,3773.00000,4068.00000,3986.00000,4015.00000,3089.00000,0.12702,0.28970,-0.09204,0.15327,0.31247,0.11017,26.86620,7.68446,37.37900,211047.00000,80.53130,291.00000,12.33330
3.10000,18.08000,0.46000,1.82000,0.13162,0.20656,0.28252,0.38693,0.39265,0.30405,0.07926,0.00000,0.17917,0.09619,0.00000,-0.11111,0.18397,0.06164,1.66667,4.28025,2.52215,1267.00000,1731.00000,2528.00000,3520.00000,3960.00000,4159.00000,4329.00000,4361.00000,4522.00000,4444.00000,3400.00000,0.12906,0.28080,-0.09749,0.12377,0.33944,0.12650,24.00170,7.69193,38.69960,211047.00000,80.53130,291.00000,12.33330
1.90000,7.56000,0.46000,1.40000,0.10698,0.16784,0.22501,0.38179,0.32731,0.24602,0.08584,6.00000,0.22519,0.15897,-0.13889,0.08333,0.15507,0.04929,1.76777,6.93890,3.75532,1255.00000,1224.00000,1838.00000,2570.00000,2995.00000,3563.00000,3957.00000,4234.00000,4222.00000,3720.00000,2762.00000,0.15236,0.39237,-0.07788,0.24513,0.35510,0.12872,28.87920,7.74207,36.95450,211006.00000,80.53130,291.00000,12.33330
2.26000,11.40000,0.50000,1.42000,0.08281,0.12654,0.16025,0.32385,0.25799,0.19531,0.07360,2.00000,0.23193,0.18500,0.00000,0.11111,0.12032,0.03472,1.66667,2.62667,6.37295,1260.00000,587.00000,1024.00000,1142.00000,1859.00000,3173.00000,3597.00000,3434.00000,3786.00000,2589.00000,1789.00000,0.18364,0.57265,-0.03857,0.53700,0.31699,0.03466,30.79240,7.79469,38.82970,210902.00000,80.50000,293.00000,12.31250
3.26000,9.28000,0.38000,1.34000,0.11507,0.17425,0.23546,0.33892,0.34054,0.25705,0.08118,138.00000,0.17691,0.10438,0.00000,0.00000,0.15785,0.05343,1.17851,10.05840,6.61297,1259.00000,1358.00000,1983.00000,2738.00000,3189.00000,3430.00000,3610.00000,3692.00000,3915.00000,3868.00000,2877.00000,0.14398,0.32473,-0.08773,0.18066,0.33287,0.11927,30.32580,7.67114,29.83040,210968.00000,80.14640,292.00000,12.31670
4.22000,4.44000,0.42000,0.90000,0.10016,0.15475,0.19977,0.31626,0.30457,0.23335,0.07588,32.00000,0.18474,0.12686,0.00000,0.00000,0.14185,0.04250,0.00000,7.94790,5.84751,1274.00000,1235.00000,1776.00000,2352.00000,2708.00000,2980.00000,3168.00000,3266.00000,3380.00000,3403.00000,2583.00000,0.13459,0.30988,-0.08675,0.18069,0.30942,0.10533,24.35320,7.76316,41.48690,210838.00000,79.74950,295.00000,12.30830
2.50000,10.26000,1.16000,1.30000,0.06172,0.10165,0.11141,0.38845,0.25012,0.16380,0.10761,0.00000,0.31945,0.30525,0.00000,-0.11111,0.08594,0.01075,1.66667,4.45608,2.34631,1236.00000,385.00000,767.00000,562.00000,1312.00000,4128.00000,4931.00000,4159.00000,5001.00000,2473.00000,1382.00000,0.19613,0.53986,-0.04297,0.49403,0.24566,0.04522,22.94710,7.69196,40.64800,210948.00000,79.69340,297.00000,11.91250
1.96000,9.76000,0.78000,1.32000,0.09840,0.15591,0.20535,0.32740,0.30878,0.24019,0.07161,2.00000,0.19292,0.13002,0.00000,0.00000,0.15144,0.04643,0.00000,1.99981,6.99981,1223.00000,1253.00000,1871.00000,2578.00000,2929.00000,3221.00000,3392.00000,3416.00000,3598.00000,3486.00000,2740.00000,0.13487,0.34110,-0.08521,0.19072,0.34649,0.12585,24.19450,7.73870,40.80520,210867.00000,79.80170,295.00000,12.06250
1.86000,5.54000,0.48000,1.46000,0.12016,0.18423,0.25295,0.33397,0.34797,0.29217,0.05308,0.00000,0.16134,0.08099,0.02778,0.02778,0.17071,0.05899,2.42956,3.61947,3.18293,1207.00000,1356.00000,1940.00000,2730.00000,3040.00000,3170.00000,3308.00000,3339.00000,3498.00000,3753.00000,3034.00000,0.12436,0.29375,-0.09513,0.13667,0.33652,0.12717,23.75330,7.70551,42.65220,210578.00000,79.81840,294.00000,12.20830
1.92000,3.04000,0.50000,1.42000,0.10712,0.16402,0.22702,0.30443,0.31290,0.27102,0.04375,0.00000,0.16211,0.08362,0.00000,0.00000,0.16313,0.05734,1.17851,4.28716,2.51524,1205.00000,1137.00000,1682.00000,2360.00000,2709.00000,2890.00000,3026.00000,3114.00000,3156.00000,3236.00000,2776.00000,0.05655,0.29686,-0.09465,0.13893,0.34473,0.12834,23.59140,7.69951,42.50750,210290.00000,79.81840,294.00000,12.20830
2.32000,16.44000,0.86000,1.46000,0.10880,0.16762,0.23436,0.32124,0.31615,0.26813,0.04792,1.00000,0.17207,0.09050,0.00000,0.11111,0.16836,0.05985,1.66667,5.19893,2.98976,1215.00000,1350.00000,1944.00000,2772.00000,3092.00000,3281.00000,3391.00000,3446.00000,3497.00000,3528.00000,3003.00000,0.07306,0.27688,-0.10034,0.10928,0.34314,0.13438,24.09740,7.71059,39.09640,210708.00000,79.80170,295.00000,12.16250
2.58000,15.20000,0.60000,1.66000,0.10385,0.16311,0.21712,0.32137,0.32564,0.25609,0.07130,0.00000,0.17929,0.11190,0.00000,-0.11111,0.15616,0.04950,1.66667,4.57175,2.23064,1244.00000,1250.00000,1766.00000,2394.00000,2656.00000,3122.00000,3320.00000,3294.00000,3529.00000,3357.00000,2583.00000,0.10157,0.32390,-0.08358,0.19874,0.30558,0.10280,22.32720,7.71639,39.29680,210670.00000,80.04630,298.00000,11.90000
2.30000,10.68000,0.66000,0.78000,0.09211,0.14656,0.19809,0.30223,0.28015,0.24710,0.03617,1.00000,0.18374,0.11632,0.00000,-0.11111,0.15331,0.04947,1.66667,5.26490,2.92379,1233.00000,1238.00000,1767.00000,2306.00000,2592.00000,3035.00000,3155.00000,3151.00000,3241.00000,3130.00000,2772.00000,0.07348,0.34364,-0.08586,0.18900,0.34449,0.12924,23.44230,7.73930,38.01180,211081.00000,79.54020,295.00000,11.99170
1.24000,3.04000,0.42000,0.80000,0.11064,0.17172,0.23989,0.32896,0.33009,0.27176,0.05854,0.00000,0.17433,0.09178,0.00000,0.11111,0.17187,0.06067,1.17851,4.88502,1.91738,1221.00000,1317.00000,1905.00000,2692.00000,2984.00000,3165.00000,3231.00000,3032.00000,3390.00000,3524.00000,2903.00000,0.12028,0.29167,-0.09521,0.13492,0.33858,0.12686,24.15800,7.70270,39.72110,210781.00000,79.81840,294.00000,12.10830
1.94000,9.92000,0.74000,1.34000,0.07112,0.11185,0.13627,0.32712,0.24369,0.17098,0.08918,3.00000,0.25654,0.22108,0.00000,-0.11111,0.10704,0.02652,1.66667,6.29593,3.27905,1222.00000,511.00000,924.00000,993.00000,1809.00000,3061.00000,3480.00000,3603.00000,3729.00000,2608.00000,1691.00000,0.11847,0.30715,-0.09001,0.16297,0.32853,0.11760,23.44900,7.72022,40.16600,210781.00000,79.80170,295.00000,12.01250
1.80000,8.54000,0.98000,1.12000,0.05457,0.09134,0.10055,0.34260,0.20491,0.13487,0.09501,0.00000,0.30020,0.28598,0.13889,-0.08333,0.08270,0.01075,1.76777,3.85874,2.94366,1242.00000,597.00000,1026.00000,1059.00000,1668.00000,3218.00000,3689.00000,3680.00000,3874.00000,2403.00000,1584.00000,0.19019,0.58674,-0.03564,0.55714,0.28778,0.03332,23.12430,7.76326,37.83710,211081.00000,79.54020,295.00000,11.99170
1.56000,8.12000,1.80000,0.94000,0.07431,0.11405,0.14447,0.31301,0.24374,0.17837,0.07963,0.00000,0.24030,0.19659,0.15556,-0.17778,0.11293,0.03244,3.17324,4.18354,2.61885,1236.00000,904.00000,1368.00000,1773.00000,2114.00000,3021.00000,3366.00000,3694.00000,3586.00000,2822.00000,1953.00000,0.18581,0.50381,-0.05070,0.42261,0.32794,0.08088,23.75270,7.76429,39.42310,211081.00000,79.54020,295.00000,11.99170
1.34000,2.86000,0.48000,1.14000,0.08949,0.13814,0.18330,0.29393,0.25865,0.21063,0.05554,1.00000,0.18710,0.12619,0.00000,0.33333,0.13924,0.04454,4.24918,5.08698,3.10171,1233.00000,945.00000,1430.00000,1775.00000,2256.00000,2991.00000,3289.00000,3217.00000,3383.00000,2717.00000,2203.00000,0.12270,0.39209,-0.07064,0.29540,0.30084,0.08009,25.27270,7.83859,37.61310,210855.00000,79.80170,295.00000,12.08750
1.76000,7.48000,0.36000,1.26000,0.08575,0.13349,0.18805,0.29902,0.29313,0.22235,0.07757,324.00000,0.19740,0.12419,0.00000,0.22222,0.15109,0.05389,3.33333,9.01005,9.36000,1236.00000,979.00000,1474.00000,2051.00000,2450.00000,2887.00000,3124.00000,3236.00000,3342.00000,3177.00000,2409.00000,0.15514,0.42908,-0.07113,0.28611,0.36590,0.12596,24.71000,7.77013,35.90020,211042.00000,79.71380,296.00000,11.98750
2.74000,1.64000,1.56000,0.82000,0.07739,0.11963,0.14562,0.30952,0.23615,0.18211,0.06605,1.00000,0.22903,0.19174,0.00000,-0.11111,0.10942,0.02752,2.12459,5.07570,3.11299,1232.00000,1314.00000,1818.00000,2363.00000,2607.00000,2902.00000,3020.00000,2882.00000,3152.00000,3206.00000,2814.00000,0.10473,0.34973,-0.07650,0.24117,0.26300,0.08941,24.34050,7.91686,38.92530,210787.00000,79.80170,295.00000,12.08750
1.60000,4.58000,1.16000,1.22000,0.05504,0.08908,0.09868,0.32599,0.22188,0.13897,0.10899,0.00000,0.29051,0.27551,0.00000,-0.11111,0.07876,0.01137,1.66667,3.58044,3.22195,1227.00000,882.00000,1296.00000,1694.00000,2077.00000,2792.00000,3023.00000,3078.00000,3306.00000,2917.00000,2078.00000,0.19537,0.53589,-0.04248,0.49368,0.31430,0.04433,24.91480,7.90851,39.64500,210787.00000,79.80170,295.00000,12.08750
1.66000,2.92000,1.22000,1.18000,0.11779,0.17703,0.24578,0.34049,0.35061,0.28931,0.05849,0.00000,0.17751,0.09549,0.08889,0.20000,0.16755,0.06020,3.53553,3.85737,2.94502,1232.00000,1512.00000,2134.00000,2958.00000,3321.00000,3576.00000,3723.00000,3826.00000,3955.00000,3929.00000,3109.00000,0.08649,0.30851,-0.09375,0.14283,0.34093,0.13465,24.85350,7.95267,39.00480,210764.00000,79.52310,296.00000,12.13750
1.38000,3.62000,7.44000,0.98000,0.04456,0.07704,0.07437,0.33875,0.18321,0.10558,0.11285,5.00000,0.32059,0.32498,0.00000,0.00000,0.05726,-0.00342,0.00000,6.20803,4.17788,1249.00000,325.00000,672.00000,518.00000,1072.00000,3096.00000,3658.00000,3824.00000,3892.00000,2014.00000,1105.00000,0.28310,0.70172,-0.01774,0.75221,0.21024,-0.08657,24.01640,7.95704,39.09960,210839.00000,79.52310,296.00000,12.06250
1.32000,4.48000,2.18000,1.08000,0.04940,0.08446,0.08982,0.33702,0.19969,0.12054,0.10993,0.00000,0.30714,0.29865,0.28205,-0.27350,0.07499,0.00653,5.43267,4.07205,2.73034,1247.00000,376.00000,714.00000,665.00000,1265.00000,2880.00000,3368.00000,3438.00000,3631.00000,2232.00000,1316.00000,0.16474,0.46904,-0.05811,0.36770,0.31026,0.09408,26.29790,7.97087,39.39980,210839.00000,79.52310,296.00000,12.06250
2.82000,4.40000,0.70000,1.30000,0.09843,0.14953,0.20150,0.30647,0.30031,0.23797,0.06646,1.00000,0.18309,0.11556,0.00000,0.00000,0.14692,0.04940,1.76777,5.88033,2.30836,1235.00000,1179.00000,1702.00000,2328.00000,2668.00000,2946.00000,3114.00000,3112.00000,3258.00000,3335.00000,2708.00000,0.12225,0.33137,-0.08610,0.18462,0.32925,0.12108,25.05690,7.97380,38.40270,210630.00000,79.52310,296.00000,12.12080
1.90000,5.86000,0.98000,1.12000,0.08372,0.12497,0.14801,0.24569,0.22490,0.18330,0.05143,0.00000,0.15667,0.12311,0.00000,-0.11111,0.10167,0.02408,1.66667,4.50000,3.50000,1258.00000,1134.00000,1422.00000,1664.00000,1926.00000,2155.00000,2249.00000,2575.00000,2261.00000,2416.00000,2165.00000,0.17778,0.52629,-0.04134,0.50532,0.26183,0.02109,20.75430,8.04028,37.28480,210802.00000,79.88240,297.00000,12.05420
2.08000,5.54000,1.78000,1.02000,0.04426,0.07657,0.07261,0.32443,0.17791,0.10487,0.10702,11.00000,0.30856,0.31510,0.00000,0.00000,0.05481,-0.00505,4.71405,6.41844,5.35376,1247.00000,266.00000,625.00000,438.00000,1045.00000,3018.00000,3539.00000,3578.00000,3760.00000,1856.00000,984.00000,0.13883,0.41986,-0.05908,0.36066,0.23678,0.05194,21.29790,7.99582,41.58220,210848.00000,79.52310,296.00000,12.06250
2.32000,4.10000,3.08000,1.06000,0.10729,0.16614,0.22158,0.33507,0.34384,0.25719,0.08574,6.00000,0.18567,0.11754,0.00000,0.11111,0.15576,0.05023,1.66667,6.36701,4.32721,1238.00000,1400.00000,1991.00000,2712.00000,2980.00000,3241.00000,3387.00000,3508.00000,3617.00000,3803.00000,3021.00000,0.10650,0.30168,-0.09163,0.15432,0.32098,0.12001,26.63710,8.00200,37.75520,210799.00000,79.52310,296.00000,12.08330
1.82000,4.16000,1.06000,0.96000,0.05982,0.09574,0.10575,0.32091,0.20359,0.13693,0.09001,5.00000,0.27560,0.26027,0.00000,0.11111,0.08095,0.01152,1.66667,5.48372,4.90219,1268.00000,445.00000,804.00000,737.00000,1362.00000,3046.00000,3532.00000,3708.00000,3712.00000,2161.00000,1343.00000,0.15690,0.48516,-0.04932,0.43521,0.25355,0.04809,20.74240,8.15568,42.13140,210843.00000,79.88240,297.00000,12.04170
1.90000,2.82000,1.18000,1.08000,0.11727,0.17139,0.21927,0.29698,0.30289,0.25889,0.04573,13.00000,0.14433,0.08469,-0.11111,0.11111,0.13826,0.04311,2.35702,6.57259,5.50792,1240.00000,1491.00000,2020.00000,2592.00000,2924.00000,3055.00000,3174.00000,3379.00000,3293.00000,3444.00000,2970.00000,0.08531,0.26339,-0.09546,0.13424,0.29372,0.10233,22.50920,8.02555,39.41470,210776.00000,79.94090,294.00000,12.07080
2.84000,4.36000,8.56000,1.00000,0.11702,0.17524,0.22479,0.30465,0.31634,0.27462,0.04203,1.00000,0.14684,0.08570,0.00000,-0.22222,0.14524,0.04435,3.33333,5.40270,2.78599,1253.00000,1520.00000,2091.00000,2662.00000,2968.00000,3129.00000,3220.00000,3278.00000,3284.00000,3404.00000,3085.00000,0.09054,0.27374,-0.09497,0.13682,0.30571,0.10938,18.57250,8.02007,41.91600,210848.00000,79.94090,294.00000,12.07080
2.20000,3.84000,12.32000,1.04000,0.05790,0.09134,0.09623,0.32456,0.19699,0.12959,0.09288,1.00000,0.28559,0.27801,0.00000,0.44444,0.06901,0.00566,5.89256,5.53011,2.65858,1268.00000,584.00000,914.00000,930.00000,1402.00000,2864.00000,3355.00000,3789.00000,3513.00000,2121.00000,1356.00000,0.23885,0.64590,-0.02466,0.67140,0.25180,-0.03586,19.15770,8.05943,45.12080,210719.00000,79.83350,299.00000,12.04170
2.26000,6.22000,7.74000,1.18000,0.11884,0.17615,0.23060,0.31667,0.33268,0.27828,0.05378,2.00000,0.15684,0.09054,0.00000,0.11111,0.14889,0.04828,1.66667,5.48496,3.51465,1255.00000,1259.00000,1796.00000,2358.00000,2702.00000,2943.00000,3083.00000,3126.00000,3273.00000,3303.00000,2714.00000,0.10267,0.29085,-0.09229,0.15504,0.30381,0.11104,19.02610,8.08172,41.14920,210871.00000,79.88870,295.00000,12.05830
2.56000,4.60000,9.22000,1.24000,0.12981,0.17703,0.21676,0.27856,0.30273,0.26926,0.03438,0.00000,0.11851,0.06888,0.00000,-0.33333,0.11650,0.03535,5.00000,4.88322,1.91917,1287.00000,1450.00000,1875.00000,2322.00000,2542.00000,2812.00000,2977.00000,3043.00000,3175.00000,3276.00000,2863.00000,0.07055,0.23485,-0.09220,0.15490,0.20900,0.06123,16.52460,8.06179,44.12690,210628.00000,80.13810,299.00000,12.02080
2.88000,5.26000,11.56000,1.26000,0.07374,0.11419,0.12959,0.29701,0.22823,0.16655,0.07764,129.00000,0.22526,0.20243,0.00000,0.22222,0.09257,0.01679,3.33333,8.44560,8.09186,1283.00000,933.00000,1391.00000,1669.00000,2116.00000,2790.00000,3016.00000,3222.00000,3116.00000,2646.00000,2136.00000,0.17091,0.48631,-0.05111,0.42023,0.30348,0.06468,14.73940,8.02966,49.23480,210594.00000,80.19940,298.00000,11.96250
2.46000,5.16000,5.02000,0.82000,0.10949,0.16424,0.20607,0.28983,0.27446,0.22589,0.05315,3.00000,0.14536,0.09241,0.00000,-0.22222,0.13450,0.03835,3.33333,4.20359,5.37140,1270.00000,1125.00000,1612.00000,2030.00000,2614.00000,2885.00000,3112.00000,3136.00000,3146.00000,3046.00000,2483.00000,0.15189,0.43481,-0.05436,0.39502,0.25797,0.03631,15.14340,8.08461,49.45300,210855.00000,80.46390,297.00000,12.00830
3.82000,4.74000,3.26000,1.32000,0.06436,0.10377,0.11235,0.35113,0.22059,0.14848,0.09381,0.00000,0.28910,0.27632,0.00000,0.00000,0.08313,0.00969,0.00000,4.33908,2.46331,1250.00000,1278.00000,1881.00000,2210.00000,2578.00000,3287.00000,3555.00000,3748.00000,3731.00000,3117.00000,2575.00000,0.22444,0.64836,-0.02482,0.67245,0.28425,-0.04033,20.04340,8.11270,36.84130,210950.00000,79.94090,294.00000,12.09580
3.00000,4.64000,5.62000,0.76000,0.07965,0.12629,0.15013,0.36130,0.26698,0.19190,0.08773,0.00000,0.26477,0.23172,0.31111,-0.24444,0.11176,0.02492,3.33333,3.35472,3.44768,1246.00000,887.00000,1368.00000,1604.00000,2148.00000,3366.00000,3779.00000,3772.00000,3968.00000,2901.00000,2107.00000,0.13309,0.41769,-0.06299,0.33158,0.28630,0.07651,23.36430,8.06188,33.63990,210868.00000,79.94090,294.00000,12.07500
2.98000,6.20000,10.58000,1.10000,0.10236,0.15041,0.18343,0.28653,0.26937,0.21852,0.05720,1.00000,0.16254,0.11841,0.00000,-0.22222,0.11820,0.03187,3.33333,5.39674,2.79195,1268.00000,856.00000,1316.00000,1508.00000,2032.00000,2835.00000,3141.00000,2956.00000,3265.00000,2697.00000,2073.00000,0.18924,0.55168,-0.03825,0.53209,0.28618,0.02136,13.33330,8.14443,57.34700,210855.00000,79.94090,294.00000,12.05420
2.48000,8.14000,0.82000,1.62000,0.11100,0.16300,0.20436,0.27108,0.27537,0.23313,0.04645,0.00000,0.12953,0.07620,0.11111,-0.11111,0.13047,0.03833,2.35702,3.93354,2.86886,1305.00000,1301.00000,1821.00000,2261.00000,2567.00000,2791.00000,2893.00000,2662.00000,2990.00000,2950.00000,2520.00000,0.08530,0.26065,-0.09098,0.15854,0.26725,0.08076,11.64010,7.74011,58.54050,210837.00000,80.19940,298.00000,11.91670
2.74000,4.18000,10.46000,1.08000,0.06824,0.11853,0.13292,0.34450,0.23527,0.16715,0.08502,2.00000,0.26157,0.24100,0.02778,0.02778,0.10740,0.01550,2.42956,4.44701,4.55261,1265.00000,782.00000,1217.00000,1323.00000,1870.00000,3102.00000,3524.00000,4194.00000,3762.00000,2541.00000,1767.00000,0.15798,0.46856,-0.04899,0.43801,0.17343,0.02742,14.35660,8.04181,54.35990,210855.00000,79.94090,294.00000,12.05420
2.64000,8.36000,1.46000,0.96000,0.08523,0.13212,0.15984,0.29533,0.23557,0.17983,0.06872,656.00000,0.19721,0.15862,-0.25000,0.19444,0.11532,0.02821,4.12479,10.37140,9.40640,1264.00000,1058.00000,1514.00000,1771.00000,2121.00000,2869.00000,3102.00000,3586.00000,3272.00000,2552.00000,1999.00000,0.17745,0.52696,-0.04232,0.49512,0.27444,0.03311,14.32860,8.02858,53.89630,210795.00000,79.94080,295.00000,12.00830
3.52000,4.76000,13.94000,0.76000,0.11532,0.16867,0.21594,0.25922,0.26984,0.23758,0.03555,2.00000,0.10939,0.04952,0.00000,0.00000,0.13744,0.04294,0.00000,-2.40795,11.40760,1276.00000,1272.00000,1773.00000,2388.00000,2607.00000,2649.00000,2736.00000,2765.00000,2772.00000,2954.00000,2603.00000,0.07349,0.19968,-0.10710,0.07695,0.26873,0.09414,13.96440,8.04654,55.53420,210795.00000,79.94080,295.00000,12.00830
2.38000,5.16000,10.10000,1.68000,0.13223,0.18932,0.23852,0.29198,0.31744,0.28070,0.03681,0.00000,0.11650,0.05747,0.19608,-0.35948,0.13790,0.04241,4.60223,4.43902,2.36337,1282.00000,1545.00000,2023.00000,2593.00000,2837.00000,2916.00000,3006.00000,2936.00000,3109.00000,3432.00000,3017.00000,0.05797,0.18056,-0.10905,0.06874,0.24411,0.08464,12.75180,7.98977,54.99220,211153.00000,80.78770,295.00000,11.97080
3.00000,17.54000,13.90000,0.72000,0.11840,0.17593,0.22026,0.31301,0.30900,0.24864,0.06271,0.00000,0.15367,0.09907,-0.02222,-0.13333,0.13746,0.03964,3.95285,3.72518,3.07722,1298.00000,1350.00000,1794.00000,2324.00000,2599.00000,2753.00000,2890.00000,3367.00000,3109.00000,3305.00000,2726.00000,0.12242,0.35457,-0.07381,0.25959,0.25394,0.07877,16.01060,7.99345,50.17130,211212.00000,80.68510,297.00000,11.96670
3.58000,4.40000,1.54000,0.76000,0.08443,0.12401,0.15899,0.25738,0.26338,0.22589,0.04239,1.00000,0.17123,0.12191,0.00000,-0.33333,0.11481,0.03555,5.00000,5.22018,2.96851,1288.00000,1170.00000,1693.00000,2167.00000,2576.00000,3003.00000,3194.00000,3594.00000,3314.00000,3194.00000,2732.00000,0.06233,0.33727,-0.08643,0.18349,0.31808,0.12609,20.10900,8.01834,40.39620,210726.00000,80.16640,295.00000,12.02920
2.56000,9.88000,6.66000,0.96000,0.06725,0.10470,0.11339,0.33166,0.22383,0.14812,0.09804,136.00000,0.27132,0.25828,0.11111,0.11111,0.07943,0.00979,3.33333,8.60713,8.03523,1276.00000,1031.00000,1506.00000,1700.00000,2097.00000,2898.00000,3243.00000,3530.00000,3359.00000,2665.00000,1991.00000,0.22704,0.65527,-0.02425,0.67521,0.24476,-0.02787,12.23210,7.81766,55.90100,210736.00000,80.42910,294.00000,12.15000
2.14000,5.74000,1.12000,1.34000,0.10993,0.16531,0.22039,0.29371,0.29690,0.24000,0.06098,3.00000,0.14910,0.08002,-0.17778,0.15556,0.15104,0.05018,2.63523,5.33960,4.23539,1283.00000,1255.00000,1808.00000,2462.00000,2779.00000,2885.00000,3045.00000,2876.00000,3163.00000,3254.00000,2586.00000,0.12094,0.30818,-0.08879,0.17084,0.30932,0.11161,17.65740,7.81467,48.95380,210736.00000,80.33460,296.00000,12.07920
2.40000,7.28000,2.70000,0.86000,0.07376,0.11787,0.13616,0.27729,0.21641,0.16308,0.06842,0.00000,0.20041,0.17343,0.00000,0.00000,0.10220,0.01971,0.00000,3.16859,3.63381,1285.00000,1192.00000,1407.00000,1623.00000,1814.00000,1962.00000,2021.00000,2997.00000,2048.00000,2196.00000,1912.00000,0.16344,0.47640,-0.04972,0.43143,0.26712,0.04332,25.71980,7.87506,39.48300,210945.00000,80.23770,294.00000,12.22080
2.44000,9.58000,1.24000,0.90000,0.03653,0.06329,0.05449,0.35938,0.16869,0.08595,0.12642,1.00000,0.35966,0.37433,0.00000,0.11111,0.03657,-0.01170,1.66667,5.19893,2.98976,1269.00000,310.00000,647.00000,504.00000,1119.00000,3058.00000,3712.00000,3591.00000,3975.00000,2021.00000,1101.00000,0.31241,0.72652,-0.01449,0.79443,0.21218,-0.13097,13.63200,7.91597,47.64970,210736.00000,80.16640,295.00000,12.17080
1.38000,4.20000,0.98000,0.80000,0.12893,0.19435,0.25224,0.34395,0.34755,0.29629,0.04931,6.00000,0.15911,0.09177,-0.27778,0.16667,0.15790,0.04925,3.53553,5.62877,5.06544,1249.00000,1430.00000,2041.00000,2653.00000,3069.00000,3390.00000,3519.00000,3902.00000,3653.00000,3784.00000,3210.00000,0.08268,0.28279,-0.09098,0.15837,0.29945,0.09989,26.46170,8.08610,34.86750,210329.00000,80.43010,293.00000,12.18330
2.34000,6.18000,1.66000,0.80000,0.09769,0.15283,0.19834,0.32605,0.28447,0.22958,0.06005,0.00000,0.19565,0.13689,0.16667,-0.05556,0.14452,0.04339,1.17851,4.39638,2.40602,1256.00000,1129.00000,1658.00000,2277.00000,2638.00000,2939.00000,3140.00000,3266.00000,3330.00000,3154.00000,2574.00000,0.09747,0.32768,-0.08691,0.18162,0.33580,0.12163,26.90590,8.11381,33.04820,210425.00000,80.42910,294.00000,12.22080
1.60000,7.34000,0.62000,1.40000,0.08421,0.13393,0.17243,0.31673,0.26294,0.19925,0.07345,0.00000,0.21309,0.16050,0.00000,0.00000,0.13444,0.03888,0.00000,4.89923,1.90316,1268.00000,901.00000,1335.00000,1728.00000,2228.00000,3110.00000,3444.00000,3794.00000,3666.00000,2649.00000,1953.00000,0.15264,0.46343,-0.05965,0.35773,0.31490,0.09839,26.96150,8.20542,33.00500,210925.00000,80.42910,294.00000,12.23330
1.74000,7.86000,1.32000,0.96000,0.04104,0.07088,0.06626,0.33369,0.17373,0.09662,0.11506,0.00000,0.32645,0.33410,0.22222,-0.11111,0.04974,-0.00593,1.31762,4.02854,2.77386,1272.00000,379.00000,732.00000,641.00000,1200.00000,2935.00000,3446.00000,3619.00000,3683.00000,1977.00000,1162.00000,0.19634,0.49351,-0.04761,0.45075,0.22857,0.04174,23.50220,8.14931,36.92170,210925.00000,80.16640,295.00000,12.19580
1.38000,6.52000,7.84000,1.28000,0.10426,0.15637,0.21267,0.31554,0.32542,0.24897,0.07941,48.00000,0.18359,0.11246,0.00000,0.22222,0.15001,0.05204,3.33333,8.21824,6.36780,1256.00000,1185.00000,1674.00000,2359.00000,2682.00000,2925.00000,3102.00000,3283.00000,3405.00000,3561.00000,2738.00000,0.13568,0.35292,-0.08537,0.19130,0.34090,0.13592,28.13210,7.94845,31.22990,210425.00000,80.43010,293.00000,12.25830
1.48000,4.72000,1.42000,0.94000,0.12582,0.18926,0.26046,0.34090,0.35226,0.29847,0.05094,97.00000,0.16145,0.07900,0.00000,0.00000,0.17104,0.06053,0.00000,9.10032,6.87201,1247.00000,1420.00000,2030.00000,2854.00000,3240.00000,3355.00000,3536.00000,3996.00000,3701.00000,3847.00000,3233.00000,0.08504,0.28809,-0.09725,0.12617,0.33581,0.13104,29.15230,7.91246,27.15040,210175.00000,80.43010,293.00000,12.25000
